"Date and Time","Temperature","Relative Humidity","PM2.5","TVOC","CO2","CO","Air Pressure","Ozone","NO2","Virus Index"
"2022-11-10 09:45",19.9,54.3,1,0,825,0,1010.1,8,19.4,2
"2022-11-10 09:46",19.9,54.6,1,6,853,0,1010.1,8,19.4,2
"2022-11-10 09:47",20,54.9,1,3,867,0,1010.1,8,18.9,2
"2022-11-10 09:48",19.9,55.1,1,0,878,0,1010.1,8,19.4,2
"2022-11-10 09:49",19.9,55.3,1,0,887,0,1010.1,8,19.4,2
"2022-11-10 09:50",19.8,55.4,1,3,905,0,1010.1,8,19.4,2
"2022-11-10 09:51",19.8,55.1,1,1,907,0,1010.1,8,19.1,2
"2022-11-10 09:52",19.8,55.2,1,0,909,0,1010.2,8,19.4,2
"2022-11-10 09:53",19.8,55.1,3,0,908,0,1010.1,8,19.4,2
"2022-11-10 09:54",19.8,55.1,1,14,892,0,1010.2,8,19.1,2
"2022-11-10 09:55",19.8,55.6,2,10,883,0,1010.2,8,19.4,2
"2022-11-10 09:56",19.9,55.3,1,2,888,0,1010.2,8,19.4,2
"2022-11-10 09:57",19.9,55.2,3,2,888,0,1010.1,8,19.4,2
"2022-11-10 09:58",19.9,55.2,2,0,887,0,1010.2,8,19.4,2
"2022-11-10 09:59",19.9,54.9,5,3,900,0,1010.2,8,19.4,2
"2022-11-10 10:00",19.9,55,3,5,906,0,1010.2,8,19.4,2
"2022-11-10 10:01",19.9,55,1,8,907,0,1010.2,8,19.4,2
"2022-11-10 10:02",19.8,55.1,1,9,903,0,1010.2,8,19.2,2
"2022-11-10 10:03",19.8,55.4,1,0,910,0,1010.2,8,19.4,2
"2022-11-10 10:04",19.9,55.2,4,1,909,0,1010.3,8,19.4,2
"2022-11-10 10:05",19.9,55,1,0,912,0,1010.3,8,19.4,2
"2022-11-10 10:06",19.9,55,6,5,913,0,1010.2,8,19.4,2
"2022-11-10 10:07",20,55,1,3,917,0,1010.3,8,18.8,2
"2022-11-10 10:08",20,54.9,4,2,917,0,1010.4,8,19.1,2
"2022-11-10 10:09",20,55.2,1,0,923,0,1010.4,8,18.6,2
"2022-11-10 10:10",20.1,55.1,3,0,935,0,1010.4,8,18.9,2
"2022-11-10 10:11",20.1,54.9,2,0,941,0,1010.4,8,19.4,2
"2022-11-10 10:12",20.1,55.2,3,9,946,0,1010.5,8,19.2,2
"2022-11-10 10:13",20.1,55.9,1,0,955,0,1010.5,7.8,16.6,2
"2022-11-10 10:14",20.3,56,38,0,964,0,1010.5,8,19.4,5
"2022-11-10 10:15",20.1,54.5,52,0,895,0,1011.7,8,19.4,7
"2022-11-10 10:16",18.4,58.7,6,0,806,0,1011.7,8,19.4,4
"2022-11-10 10:17",17.5,61.4,15,0,721,0,1011.7,8,19.4,5
"2022-11-10 10:18",16.6,65,15,0,630,0,1011.8,8,19.4,5
"2022-11-10 10:19",16,67,7,0,533,0,1011.8,8,19.4,4
"2022-11-10 10:20",15.3,69.9,11,0,510,0,1011.7,8,19.4,4
"2022-11-10 10:21",14.6,72.2,16,6,509,0,1011.8,8,19.4,8
"2022-11-10 10:22",14.1,73.9,6,1,507,0,1011.9,8,19.3,7
"2022-11-10 10:23",14.1,74.8,10,2,505,0,1011.9,8,19.4,7
"2022-11-10 10:24",14.9,71.7,13,6,505,0,1011.9,7.9,18,7
"2022-11-10 10:25",15.2,71.3,11,3,502,0,1011.9,7.8,17.1,5
"2022-11-10 10:26",15.3,71.4,4,21,503,0,1011.9,7.8,17.2,5
"2022-11-10 10:27",15,71.2,6,12,502,0,1012,7.9,18.6,5
"2022-11-10 10:28",15.1,71.3,10,0,502,0,1011.9,8,19.3,5
"2022-11-10 10:29",14.6,72.9,19,2,506,0,1012,8,19.4,8
"2022-11-10 10:30",14,75.7,14,34,509,0,1011.9,8,19.4,7
"2022-11-10 10:31",13.6,79.3,11,12,510,0,1011.9,7.8,16.9,7
"2022-11-10 10:32",13.2,81.3,27,0,512,0,1011.9,8,19.1,10
"2022-11-10 10:33",13.3,80.5,9,8,516,0,1012,8,19.4,8
"2022-11-10 10:34",13.2,81.8,13,0,519,0,1011.9,8,18.9,8
"2022-11-10 10:35",13.4,81.3,7,1,520,0,1011.9,8,19.4,8
"2022-11-10 10:36",13.6,79.9,9,3,523,0,1011.9,8,19.2,7
"2022-11-10 10:37",13.6,79.7,17,2,521,0,1011.9,8,19.2,8
"2022-11-10 10:38",13.8,79.6,1,2,518,0,1011.8,8,19.4,7
"2022-11-10 10:39",14.2,78,15,3,509,0,1011.9,7.9,17.4,8
"2022-11-10 10:40",14.3,77,8,2,509,0,1011.9,7.9,18.1,7
"2022-11-10 10:41",13.9,78.4,12,0,507,0,1011.9,8,18.6,7
"2022-11-10 10:42",13.5,79.7,34,1,503,0,1012,8,19.4,10
"2022-11-10 10:43",13.5,80,21,11,503,0,1012,8,19.2,9
"2022-11-10 10:44",13.4,80.2,13,6,510,0,1011.9,8,19.3,8
"2022-11-10 10:45",13.3,79.9,23,3,508,0,1011.8,8,19.4,8
"2022-11-10 10:46",13.3,79.6,12,5,512,0,1011.9,8,19.4,7
"2022-11-10 10:47",13.2,81.3,60,16,515,0,1011.8,7.9,17.9,10
"2022-11-10 10:48",13.3,80,26,17,519,0,1011.8,7.9,18.5,10
"2022-11-10 10:49",13.6,79.3,9,15,522,0,1011.8,7.8,16.4,7
"2022-11-10 10:50",14.3,75.8,6,9,524,0,1011.8,7.9,17.3,7
"2022-11-10 10:51",14.8,72.3,6,0,518,0,1011.9,7.8,17.1,7
"2022-11-10 10:52",14.9,72.8,10,0,523,0,1011.8,7.8,16.6,7
"2022-11-10 10:53",14.4,75.1,7,2,521,0,1011.9,7.8,16.6,7
"2022-11-10 10:54",14.1,77.3,13,11,517,0,1011.9,7.9,17.8,7
"2022-11-10 10:55",14,77.4,22,23,517,0,1011.9,7.8,16,8
"2022-11-10 10:56",13.4,79.7,12,10,516,0,1011.9,7.9,18.4,7
"2022-11-10 10:57",13.2,80,18,12,513,0,1011.9,8,19.2,9
"2022-11-10 10:58",13.3,80.6,11,15,511,0,1011.9,8,19.1,8
"2022-11-10 10:59",13.4,79.7,21,13,512,0,1011.9,8,18.7,8
"2022-11-10 11:00",13.5,79.7,21,15,514,0,1011.9,8,19.1,8
"2022-11-10 11:01",13.6,79.7,46,15,522,0,1011.9,8,19.4,10
"2022-11-10 11:02",13.3,79.5,6,15,523,0,1011.9,8,19,7
"2022-11-10 11:03",13.9,77.7,7,13,522,0,1012,7.9,17.9,7
"2022-11-10 11:04",14.5,74.2,12,5,524,0,1012,7.8,16.6,7
"2022-11-10 11:05",14.1,77.2,11,3,522,0,1012,7.8,17,7
"2022-11-10 11:06",14.4,74.7,8,5,512,0,1012,7.9,17.6,7
"2022-11-10 11:07",14,76.3,6,0,504,0,1012,7.9,17.4,7
"2022-11-10 11:08",13.8,77.3,16,3,504,0,1012,8,19.4,8
"2022-11-10 11:09",13.8,77.9,12,2,505,0,1012.1,7.9,17.8,7
"2022-11-10 11:10",13.6,79.4,18,3,506,0,1012,7.9,17.6,8
"2022-11-10 11:11",13.5,79.5,23,7,513,0,1012.1,7.9,17.6,8
"2022-11-10 11:12",13.6,79.7,14,12,524,0,1012.1,8,19.4,7
"2022-11-10 11:13",13.4,80.6,18,14,531,0,1012.1,7.9,17.5,9
"2022-11-10 11:14",13.2,81.6,8,15,531,0,1012.1,7.9,17.5,8
"2022-11-10 11:15",13.3,80.9,7,12,528,0,1012.2,8,19.1,8
"2022-11-10 11:16",13.3,81,14,14,530,0,1012.2,8,18.8,8
"2022-11-10 11:17",13.4,81.6,12,20,527,0,1012.2,7.9,18.6,8
"2022-11-10 11:18",13.7,78.9,11,6,521,0,1012.2,8,18.8,7
"2022-11-10 11:19",13.6,79.5,8,17,519,0,1012.2,7.9,17.8,7
"2022-11-10 11:20",13.7,79.4,6,13,519,0,1012.2,7.9,17.8,7
"2022-11-10 11:21",13.7,78.9,10,7,517,0,1012.3,7.9,18.4,7
"2022-11-10 11:22",14.1,76.9,7,5,516,0,1012.4,7.9,18,7
"2022-11-10 11:23",14.7,74,11,2,517,0,1012.3,7.8,16.6,7
"2022-11-10 11:24",14.8,73.9,13,0,510,0,1012.3,7.8,15.8,7
"2022-11-10 11:25",14.8,74,2,0,506,0,1012.3,7.8,16.9,7
"2022-11-10 11:26",14.7,74.1,5,3,504,0,1012.3,7.8,15.5,7
"2022-11-10 11:27",14.5,75.6,8,6,499,0,1012.3,7.8,15.7,7
"2022-11-10 11:28",13.8,78.3,9,6,500,0,1012.2,7.9,18.1,7
"2022-11-10 11:29",13.8,79.4,10,9,508,0,1012.2,7.9,17.4,7
"2022-11-10 11:30",13.9,78.9,5,13,518,0,1012.2,7.9,17.6,7
"2022-11-10 11:31",13.8,78.9,10,21,523,0,1012.3,8,18.7,7
"2022-11-10 11:32",13.8,77.9,13,23,537,0,1012.3,8,19.4,7
"2022-11-10 11:33",13.7,78.4,8,15,538,0,1012.3,8,19.4,7
"2022-11-10 11:34",13.6,78.5,30,15,536,0,1012.3,8,19.4,10
"2022-11-10 11:35",13.6,78.9,11,16,537,0,1012.3,7.8,16.5,7
"2022-11-10 11:36",13.5,79.4,10,14,530,0,1012.3,7.8,17.1,7
"2022-11-10 11:37",13.4,81,9,14,521,0,1012.2,7.9,17.7,8
"2022-11-10 11:38",13.2,81.5,6,9,519,0,1012.3,7.9,18.6,8
"2022-11-10 11:39",13.2,80.7,9,18,518,0,1012.3,7.9,18.3,8
"2022-11-10 11:40",13.2,80.4,13,19,511,0,1012.4,8,19.4,8
"2022-11-10 11:41",13,81.3,8,15,523,0,1012.3,8,19.4,8
"2022-11-10 11:42",13,81.5,11,15,528,0,1012.4,7.8,15.6,8
"2022-11-10 11:43",13.4,81.1,7,16,535,0,1012.4,7.6,12.9,8
"2022-11-10 11:44",13.7,80,10,12,543,0,1012.4,7.5,11.8,8
"2022-11-10 11:45",14,80,6,17,554,0,1012.4,7.5,10.4,8
"2022-11-10 11:46",14.4,77.8,21,14,551,0,1012.5,7.4,9.6,8
"2022-11-10 11:47",14.6,75.9,19,8,554,0,1012.5,7.3,8.6,8
"2022-11-10 11:48",14.6,75.1,4,8,553,0,1012.3,7.4,10.1,7
"2022-11-10 11:49",15.2,75,1,44,563,0,1011.3,7.3,7.9,5
"2022-11-10 11:50",15.8,74.1,4,565,639,0,1011.3,6.8,0.1,5
"2022-11-10 11:51",16.3,72,1,927,787,0,1011.3,6.6,0.7,5
"2022-11-10 11:52",16.8,70.4,2,919,958,0,1011.3,6.5,0.6,6
"2022-11-10 11:53",17.2,69.3,8,963,1133,0,1011.3,6.4,0.3,5
"2022-11-10 11:54",17.5,68.4,1,959,1309,0,1011.3,6.3,0.9,6
"2022-11-10 11:55",17.8,67.7,1,865,1408,0,1011.3,6.3,0.5,6
"2022-11-10 11:56",18,66.9,1,1248,1434,0,1011.3,6.3,0.1,6
"2022-11-10 11:57",18.2,65.5,1,1400,1436,0,1011.3,6.2,0.9,6
"2022-11-10 11:58",18.4,64.7,2,1702,1432,0,1011.3,6.2,0.5,6
"2022-11-10 11:59",18.6,63.8,2,1874,1410,0,1011.2,6.2,0.7,6
"2022-11-10 12:00",18.7,63,5,2004,1409,0,1011.2,6.2,0.5,6
"2022-11-10 12:01",18.8,62.4,1,2072,1405,0,1011.2,6.1,0.7,6
"2022-11-10 12:02",18.9,61.9,5,2245,1402,0,1011.1,6.1,0.6,6
"2022-11-10 12:03",19,61.4,1,2382,1406,0,1011.3,6.1,0.4,4
"2022-11-10 12:04",19.1,61,1,2631,1415,0,1011.3,6.1,0.6,4
"2022-11-10 12:05",19.2,60.7,3,2701,1411,0,1011.3,6,0.4,4
"2022-11-10 12:06",19.3,60.4,2,2502,1413,0,1011.3,6,0.4,4
"2022-11-10 12:07",19.3,60.1,4,2520,1413,0,1011.3,6,0.4,4
"2022-11-10 12:08",19.4,59.9,1,2195,1413,0,1011.3,6.1,0.4,3
"2022-11-10 12:09",19.4,59.6,2,2203,1412,0,1011.3,6,0.8,3
"2022-11-10 12:10",19.5,59.4,1,2296,1412,0,1011.2,6,0.3,3
"2022-11-10 12:11",19.5,59.2,1,2479,1411,0,1011.2,6,0.5,3
"2022-11-10 12:12",19.6,58.9,4,2220,1412,0,1011.3,6,0.3,3
"2022-11-10 12:13",19.6,59,1,2257,1404,0,1011.3,6.1,0.1,3
"2022-11-10 12:14",19.6,58.8,1,2305,1401,0,1011.3,6.1,0.1,3
"2022-11-10 12:15",19.6,58.5,6,2305,1392,0,1011.3,6,0.2,3
"2022-11-10 12:16",19.7,58.2,1,2404,1386,0,1011.3,6,0.6,3
"2022-11-10 12:17",19.8,58.1,5,2224,1379,0,1011.4,6,0.9,3
"2022-11-10 12:18",19.8,58,1,2141,1379,0,1011.4,6,0.7,3
"2022-11-10 12:19",19.8,58.1,1,2116,1371,0,1011.4,6,0.3,3
"2022-11-10 12:20",19.8,58,2,2100,1372,0,1011.3,6,0.5,3
"2022-11-10 12:21",19.9,57.8,2,2153,1375,0,1011.4,6,0.1,3
"2022-11-10 12:22",19.9,57.8,2,2149,1378,0,1011.3,6,0.7,3
"2022-11-10 12:23",19.9,57.7,1,2064,1383,0,1011.4,6,0.9,3
"2022-11-10 12:24",19.9,57.8,1,2064,1398,0,1011.4,6,0.5,3
"2022-11-10 12:25",20,57.7,2,2028,1408,0,1011.4,6,0.5,3
"2022-11-10 12:26",20,57.6,2,2028,1420,0,1011.4,6.1,0.8,3
"2022-11-10 12:27",20.1,57.5,2,2028,1434,0,1011.4,6,0.2,3
"2022-11-10 12:28",20.1,57.5,9,2028,1445,0,1011.4,6,0.6,3
"2022-11-10 12:29",20,57.7,2,2028,1452,0,1011.4,6.2,0.2,3
"2022-11-10 12:30",20.1,57.4,2,2060,1462,0,1011.3,6.1,0.8,3
"2022-11-10 12:31",20.1,57.3,1,2024,1469,0,1011.4,6.2,0.8,3
"2022-11-10 12:32",20.1,57.2,3,2040,1475,0,1011.5,6.1,0.8,3
"2022-11-10 12:33",20.1,57.1,3,2112,1483,0,1011.4,6.1,1,3
"2022-11-10 12:34",20.1,57.1,1,2288,1490,0,1011.4,6.1,0.5,3
"2022-11-10 12:35",20.1,57.2,1,2382,1501,0,1011.4,6,0.3,3
"2022-11-10 12:36",20.3,57,1,2072,1509,0,1011.4,6,0,3
"2022-11-10 12:37",20.3,56.9,3,1904,1512,0,1011.4,6,0.6,3
"2022-11-10 12:38",20.3,57,1,1901,1514,0,1011.4,6,0.6,3
"2022-11-10 12:39",20.4,56.7,1,1952,1526,0,1011.4,6,0.7,3
"2022-11-10 12:40",20.3,57,1,1960,1533,0,1011.4,6,0.2,3
"2022-11-10 12:41",20.4,56.8,1,1988,1541,0,1011.4,6,0.9,3
"2022-11-10 12:42",20.3,56.8,1,1894,1556,0,1011.3,6,0.8,3
"2022-11-10 12:43",20.3,56.8,1,1862,1567,0,1011.4,6,0.3,3
"2022-11-10 12:44",20.4,56.8,1,1862,1575,0,1011.3,6,0.8,3
"2022-11-10 12:45",20.4,56.7,2,1894,1581,0,1011.3,6,0,3
"2022-11-10 12:46",20.4,56.6,1,1871,1589,0,1011.3,6,0.9,3
"2022-11-10 12:47",20.4,56.9,1,1920,1598,0,1011.4,6.1,0.6,3
"2022-11-10 12:48",20.4,56.9,4,1893,1610,0,1011.4,6.1,0.1,4
"2022-11-10 12:49",20.4,56.9,3,1948,1614,0,1011.4,6.1,0.5,4
"2022-11-10 12:50",20.4,57,2,1893,1623,0,1011.4,6,0.8,4
"2022-11-10 12:51",20.4,56.8,1,1893,1625,0,1011.4,6,0,4
"2022-11-10 12:52",20.4,57,4,1813,1636,0,1011.4,6,0.7,4
"2022-11-10 12:53",20.5,56.8,2,1852,1640,0,1011.4,6,0.5,4
"2022-11-10 12:54",20.4,56.9,1,1852,1647,0,1011.5,6,0.3,4
"2022-11-10 12:55",20.5,56.6,3,1852,1652,0,1011.5,6,0.4,4
"2022-11-10 12:56",20.5,56.5,1,1821,1664,0,1011.4,6,0.3,4
"2022-11-10 12:57",20.5,56.8,3,1860,1657,0,1011.4,6,0.6,4
"2022-11-10 12:58",20.4,57,5,1851,1679,0,1011.5,8,19.4,4
"2022-11-10 12:59",20.4,57,7,1851,1690,0,1011.5,4.6,0.2,4
"2022-11-10 13:00",20.3,57.1,3,1844,1690,0,1011.6,4.4,0.1,4
"2022-11-10 13:01",20.3,57.2,9,1844,1694,0,1011.6,4.4,0.8,4
"2022-11-10 13:02",20.3,57.3,1,1844,1696,0,1011.5,4.3,0.1,4
"2022-11-10 13:03",20.3,57.1,1,1878,1682,0,1011.5,4.3,0.7,4
"2022-11-10 13:04",20.3,57.3,2,1878,1676,0,1011.5,4.4,0.2,4
"2022-11-10 13:05",20.2,57.5,2,1932,1680,0,1011.5,4.4,0.5,4
"2022-11-10 13:06",20.2,57.3,1,1790,1675,0,1011.5,4.5,0.2,4
"2022-11-10 13:07",20.2,57.2,2,1806,1665,0,1011.6,4.4,0.3,4
"2022-11-10 13:08",20.3,56.8,8,1701,1646,0,1011.6,4.4,0.7,4
"2022-11-10 13:09",20.3,57,3,1591,1629,0,1011.5,4.5,0.1,4
"2022-11-10 13:10",20.3,57,4,1639,1601,0,1011.6,4.5,0.6,4
"2022-11-10 13:11",20.4,56.9,7,1698,1589,0,1011.6,4.5,0.2,3
"2022-11-10 13:12",20.3,57,6,1660,1593,0,1011.6,4.4,0.5,3
"2022-11-10 13:13",20.3,57.2,3,1723,1603,0,1011.7,4.3,0.3,4
"2022-11-10 13:14",20.3,57.3,6,1723,1618,0,1011.7,4.3,0.5,4
"2022-11-10 13:15",20.3,57.4,9,1799,1644,0,1011.7,4.2,0.3,4
"2022-11-10 13:16",20.4,57.2,3,1744,1667,0,1011.7,4.2,0.8,4
"2022-11-10 13:17",20.4,57.3,3,1756,1683,0,1011.6,4.2,0.5,4
"2022-11-10 13:18",20.4,57.3,4,1755,1691,0,1011.7,4.2,0.2,4
"2022-11-10 13:19",20.4,57.5,2,1794,1704,0,1011.6,4.1,0,4
"2022-11-10 13:20",20.3,57.6,1,1779,1717,0,1011.6,4.1,0.1,4
"2022-11-10 13:21",20.4,57.3,6,1779,1722,0,1011.6,4.1,0.1,4
"2022-11-10 13:22",20.4,57.5,6,1863,1731,0,1011.6,4.1,0.2,4
"2022-11-10 13:23",20.4,57.5,1,1776,1745,0,1011.7,4.1,0.3,4
"2022-11-10 13:24",20.4,57.4,2,1776,1753,0,1011.6,4,1,4
"2022-11-10 13:25",20.4,57.7,6,1776,1760,0,1011.7,4,0.3,4
"2022-11-10 13:26",20.5,57.4,4,1777,1768,0,1011.7,4,0,4
"2022-11-10 13:27",20.5,57.4,3,1734,1776,0,1011.7,4,0.1,4
"2022-11-10 13:28",20.5,57.1,8,1639,1772,0,1011.8,4,0.5,4
"2022-11-10 13:29",20.5,57.1,6,1653,1755,0,1011.7,3.9,0.2,4
"2022-11-10 13:30",20.5,57,4,1613,1744,0,1011.8,3.9,0.2,4
"2022-11-10 13:31",20.5,57.4,4,1650,1731,0,1011.7,3.9,0.5,4
"2022-11-10 13:32",20.5,57.1,3,1682,1719,0,1011.7,3.9,0.2,4
"2022-11-10 13:33",20.5,57.4,2,1712,1724,0,1011.8,3.9,0.9,4
"2022-11-10 13:34",20.4,57.6,3,1734,1746,0,1011.9,3.9,0.7,4
"2022-11-10 13:35",20.4,57.5,3,1731,1761,0,1011.8,3.9,0.5,4
"2022-11-10 13:36",20.4,57.5,3,1731,1774,0,1011.9,3.9,0.3,4
"2022-11-10 13:37",20.5,57.5,8,1694,1792,0,1011.9,3.8,0.8,4
"2022-11-10 13:38",20.5,57.5,2,1694,1800,0,1011.9,3.9,0.2,4
"2022-11-10 13:39",20.4,57.5,3,1694,1804,0,1011.9,3.9,0.4,4
"2022-11-10 13:40",20.5,57.4,3,1660,1810,0,1012,3.9,1,4
"2022-11-10 13:41",20.6,57.3,8,1628,1817,0,1011.9,3.8,0.9,4
"2022-11-10 13:42",20.5,57.4,7,1642,1817,0,1011.9,3.7,0.3,4
"2022-11-10 13:43",20.5,57.6,4,1660,1824,0,1011.9,3.7,0.2,4
"2022-11-10 13:44",20.5,57.6,2,1693,1832,0,1012,3.7,0,4
"2022-11-10 13:45",20.5,57.4,4,1766,1837,0,1012,3.7,0.4,4
"2022-11-10 13:46",20.5,57.5,4,1660,1842,0,1012,3.7,0.9,4
"2022-11-10 13:47",20.6,57.2,10,1660,1851,0,1012,3.7,0.5,4
"2022-11-10 13:48",20.6,57.1,5,1672,1861,0,1012,3.7,0.1,4
"2022-11-10 13:49",20.6,57.2,9,1694,1864,0,1012,3.7,0.4,4
"2022-11-10 13:50",20.6,57.2,6,1664,1875,0,1012,3.7,0,4
"2022-11-10 13:51",20.6,57.2,6,1664,1888,0,1012,3.7,0.7,4
"2022-11-10 13:52",20.6,57.3,7,1664,1900,0,1011.9,3.7,0.5,4
"2022-11-10 13:53",20.6,57.1,3,1661,1914,0,1012,3.6,0.6,4
"2022-11-10 13:54",20.6,57.3,5,1661,1929,0,1012,3.6,0.4,4
"2022-11-10 13:55",20.6,57.5,7,1631,1936,0,1012,3.6,1,4
"2022-11-10 13:56",20.6,57.4,5,1617,1945,0,1012,3.7,1,4
"2022-11-10 13:57",20.6,57.4,5,1653,1951,0,1012,3.7,0.5,4
"2022-11-10 13:58",20.8,57,3,1580,1948,0,1012,3.7,0.1,4
"2022-11-10 13:59",20.7,57.4,11,1594,1961,0,1012,3.6,0.7,4
"2022-11-10 14:00",20.7,57.5,7,1580,1979,0,1012,3.6,1,4
"2022-11-10 14:01",20.6,57.8,11,1580,1994,0,1012,3.6,0.8,4
"2022-11-10 14:02",20.7,57.6,5,1488,2014,0,1012,3.6,0.5,4
"2022-11-10 14:03",20.7,57.3,4,1360,1982,0,1012,3.6,0.1,4
"2022-11-10 14:04",20.8,57.1,7,1316,1959,0,1012,3.6,0.3,4
"2022-11-10 14:05",20.8,57.5,4,1242,1916,0,1012,3.6,0.6,4
"2022-11-10 14:07",20.8,57.5,1,0,1993,0,1012,8,19.4,4
"2022-11-10 14:08",20.9,56.6,4,3,1841,0,1012,8,19.4,4
"2022-11-10 14:09",20.8,57.4,1,7,1796,0,1012,8,19,4
"2022-11-10 14:10",20.8,57,2,0,1794,0,1012,8,19.4,4
"2022-11-10 14:11",20.9,56.5,1,1,1792,0,1012,8,19.4,4
"2022-11-10 14:12",20.9,56.5,2,0,1717,0,1012.1,8,19.4,4
"2022-11-10 14:13",21,56.3,4,1,1692,0,1012,8,19.4,4
"2022-11-10 14:14",21,56.3,11,0,1665,0,1012,8,19.1,4
"2022-11-10 14:15",21,56.2,3,1,1624,0,1012,8,19.4,4
"2022-11-10 14:16",21,56.1,4,0,1577,0,1012,7.9,18.4,3
"2022-11-10 14:17",21,56,1,0,1557,0,1012,7.9,17.7,3
"2022-11-10 14:18",21,56.6,8,6,1572,0,1012,7.9,17.5,3
"2022-11-10 14:19",21,56.7,3,5,1599,0,1012.1,7.9,17.6,3
"2022-11-10 14:20",21.1,56.7,1,7,1619,0,1012.1,7.9,17.9,4
"2022-11-10 14:21",21.1,56.7,6,2,1632,0,1012,7.8,15.9,4
"2022-11-10 14:22",21.5,56,10,0,1697,0,1012,7.8,15.8,4
"2022-11-10 14:23",21.6,55.7,5,0,1677,0,1012,7.8,16.6,4
"2022-11-10 14:24",21.7,52,7,0,1653,0,1012.3,8,19.4,4
"2022-11-10 14:25",21.2,51,6,0,625,0,1013.1,8,19.4,1
"2022-11-10 14:26",20.1,53.9,11,0,562,0,1013.2,8,19.4,1
"2022-11-10 14:27",19.3,56.8,9,0,543,0,1013.3,8,19.4,1
"2022-11-10 14:28",18.5,58.9,5,0,538,0,1013.3,8,19.4,3
"2022-11-10 14:29",17.9,61.1,19,0,530,0,1013.3,8,19.4,5
"2022-11-10 14:30",17.7,61.6,15,1,504,0,1013.3,8,19.4,5
"2022-11-10 14:31",17.2,63.7,22,0,503,0,1013.3,8,19.4,5
"2022-11-10 14:32",16.9,64.6,14,0,500,0,1013.4,8,19.4,4
"2022-11-10 14:33",16.8,65.9,5,46,498,0,1013.4,7.8,15.6,4
"2022-11-10 14:34",16.8,65.3,17,78,507,0,1013.4,7.8,16.1,5
"2022-11-10 14:35",16.9,64.7,10,33,511,0,1013.4,7.8,17.1,4
"2022-11-10 14:36",16.9,64.5,12,22,515,0,1013.4,7.9,17.8,4
"2022-11-10 14:37",16.6,65.5,7,4,517,0,1013.4,7.9,18.1,4
"2022-11-10 14:38",16.6,65.9,7,1067,511,0,1013.4,7.9,18.2,4
"2022-11-10 14:39",16.2,67.3,11,127,501,0,1013.4,8,19.1,4
"2022-11-10 14:40",15.8,69.5,25,51,504,0,1013.4,8,19.4,7
"2022-11-10 14:41",15.6,73.5,11,26,501,0,1013.4,7.9,16.8,5
"2022-11-10 14:42",15.6,70.8,16,11,501,0,1013.4,7.9,18.3,6
"2022-11-10 14:43",15.4,71.9,27,12,509,0,1013.4,7.8,16.7,8
"2022-11-10 14:44",15.3,74.6,22,5,510,0,1013.4,7.8,15.3,6
"2022-11-10 14:45",15.5,71.8,18,0,509,0,1013.3,7.9,17.4,6
"2022-11-10 14:46",15.6,71.8,11,0,511,0,1013.3,7.9,17.8,5
"2022-11-10 14:47",15.4,72.4,10,0,512,0,1013.3,8,18.4,5
"2022-11-10 14:48",15.4,72.8,19,0,506,0,1013.4,8,18.6,6
"2022-11-10 14:49",15.3,73.4,11,0,503,0,1013.4,8,18.4,5
"2022-11-10 14:50",15.4,74.1,11,1,496,0,1013.3,8,18.6,5
"2022-11-10 14:51",15.3,74.9,12,2,493,0,1013.5,7.9,17.3,5
"2022-11-10 14:52",15.2,74.5,15,5,494,0,1013.5,8,18.4,6
"2022-11-10 14:53",15.2,74.5,16,10,499,0,1013.5,8,18.8,6
"2022-11-10 14:54",15.2,74.1,25,11,502,0,1013.4,7.9,17.4,8
"2022-11-10 14:55",15.3,73.5,17,7,506,0,1013.4,8,19.2,6
"2022-11-10 14:56",15.1,73.7,21,7,508,0,1013.3,8,19.4,6
"2022-11-10 14:57",15.1,74.6,12,8,511,0,1013.3,7.9,17.4,5
"2022-11-10 14:58",15.2,74.1,10,13,510,0,1013.3,7.9,18,5
"2022-11-10 14:59",15.3,73.7,10,9,510,0,1013.3,7.9,17.8,5
"2022-11-10 15:00",15.3,74.4,16,6,509,0,1013.3,7.9,17.3,6
"2022-11-10 15:01",15.4,73.7,12,3,506,0,1013.3,7.8,16.7,5
"2022-11-10 15:02",15.6,73.1,11,2,497,0,1013.4,7.9,17.2,5
"2022-11-10 15:03",15.8,71.2,17,1,492,0,1013.4,7.8,16.2,6
"2022-11-10 15:04",15.7,71,14,2,489,0,1013.4,7.9,17.7,5
"2022-11-10 15:05",15.8,71.1,22,36,491,0,1013.4,7.9,17.7,6
"2022-11-10 15:06",15.7,70.9,20,4,493,0,1013.4,7.9,18.9,6
"2022-11-10 15:07",15.4,72.5,24,2,503,0,1013.4,8,19.4,6
"2022-11-10 15:08",15.3,72.8,39,0,509,0,1013.4,7.9,17.9,8
"2022-11-10 15:09",15.1,73.5,16,2,510,0,1013.4,8,19.4,6
"2022-11-10 15:10",15.1,73.9,53,3,510,0,1013.4,8,19.4,10
"2022-11-10 15:11",15.2,73.8,29,22,523,0,1013.3,7.8,16.2,8
"2022-11-10 15:12",15,74.1,42,8,520,0,1013.4,7.8,17.1,8
"2022-11-10 15:13",15.1,73.3,18,1,520,0,1013.4,8,18.8,6
"2022-11-10 15:14",15.3,72.7,10,0,515,0,1013.5,7.9,18.6,5
"2022-11-10 15:15",15.5,71.8,14,1,510,0,1013.5,7.9,17.5,5
"2022-11-10 15:16",15.5,71.9,8,0,492,0,1013.5,7.8,17.1,5
"2022-11-10 15:17",15.4,73,19,2,490,0,1013.5,7.9,17.5,6
"2022-11-10 15:18",15.5,71.8,26,0,483,0,1013.6,8,19.4,8
"2022-11-10 15:19",15.3,72.1,32,11,489,0,1013.5,7.6,13.5,8
"2022-11-10 15:20",15.1,73.1,45,13,492,0,1013.7,7.7,14.6,8
"2022-11-10 15:21",14.8,74.6,38,7,496,0,1013.7,7.9,17.1,10
"2022-11-10 15:22",14.8,74.9,40,14,498,0,1013.7,7.8,16.4,10
"2022-11-10 15:23",14.7,75.3,96,12,502,0,1013.7,7.9,17,10
"2022-11-10 15:24",14.6,76.4,126,11,500,0,1013.7,7.9,17,10
"2022-11-10 15:25",14.7,75.3,57,9,501,0,1013.8,7.9,17,10
"2022-11-10 15:26",14.6,75.7,79,18,501,0,1013.8,7.9,17.5,10
"2022-11-10 15:27",14.6,75.3,113,25,498,0,1013.8,7.9,17.8,10
"2022-11-10 15:28",14.3,76.8,81,13,495,0,1013.9,8,18.7,10
"2022-11-10 15:29",14.4,77,99,9,500,0,1013.9,7.9,17.2,10
"2022-11-10 15:30",14.5,76.7,92,5,501,0,1014,7.9,17.1,10
"2022-11-10 15:31",14.6,77.8,60,5,501,0,1013.9,7.8,16.3,10
"2022-11-10 15:32",14.8,75.4,19,2,511,0,1014.1,7.9,17.8,8
"2022-11-10 15:33",15.2,73.7,6,0,508,0,1014,7.8,15.6,5
"2022-11-10 15:34",15.2,74.1,15,1,502,0,1014.1,7.7,13.8,6
"2022-11-10 15:35",15.4,73.1,6,0,499,0,1014.1,7.8,15.4,5
"2022-11-10 15:36",15.4,73.2,24,1,495,0,1014.1,7.7,13.8,6
"2022-11-10 15:37",15.5,72.3,24,1,482,0,1014.2,7.7,15.1,6
"2022-11-10 15:38",15.4,73.9,20,0,486,0,1014,7.8,15.3,6
"2022-11-10 15:39",15.3,73.2,18,3,487,0,1014.1,8,19.4,6
"2022-11-10 15:40",14.9,73.9,23,11,488,0,1014,8,19.3,8
"2022-11-10 15:41",14.9,74.1,55,6,490,0,1014,7.9,17.3,10
"2022-11-10 15:42",15,73.6,18,19,499,0,1014.1,7.8,17.1,6
"2022-11-10 15:43",14.9,74.4,20,29,502,0,1014.1,8,19.4,8
"2022-11-10 15:44",14.7,75.2,14,26,510,0,1014,7.9,18.5,7
"2022-11-10 15:45",14.6,76,36,13,514,0,1014,8,19.4,10
"2022-11-10 15:46",14.7,75.8,56,20,513,0,1014,8,19.4,10
"2022-11-10 15:47",14.5,77.1,107,42,509,0,1014.1,8,19.4,10
"2022-11-10 15:48",14.4,78,33,136,506,0,1014.2,7.7,14.8,10
"2022-11-10 15:49",14.5,76.8,32,40,502,0,1014.3,7.7,14.7,10
"2022-11-10 15:50",14.4,75.9,44,22,497,0,1014.2,7.7,15.2,10
"2022-11-10 15:51",14.5,75.7,22,51,497,0,1014.3,7.8,16.8,8
"2022-11-10 15:52",14.5,76.9,44,21,496,0,1014.3,7.7,14.4,10
"2022-11-10 15:53",14.6,75.1,18,11,501,0,1014.4,7.7,14.6,8
"2022-11-10 15:54",14.8,74.3,9,7,496,0,1014.4,7.7,13.9,7
"2022-11-10 15:55",14.9,73.8,14,7,497,0,1014.5,7.7,14.9,7
"2022-11-10 15:56",14.9,74.2,22,5,501,0,1014.4,7.6,13.4,8
"2022-11-10 15:57",15,74,11,6,503,0,1014.5,7.7,13.8,5
"2022-11-10 15:58",14.9,74.2,21,7,497,0,1014.6,7.6,12.3,8
"2022-11-10 15:59",15.2,75.5,1,62,510,0,1013.8,7.1,4.6,5
"2022-11-10 16:00",16,73.1,2,275,564,0,1013.5,6.9,1.8,5
"2022-11-10 16:02",16.9,70.5,2,0,1555,0,1013.5,8,19.4,7
"2022-11-10 16:04",17.5,68.8,9,0,1415,0,1013.5,8,19.4,6
"2022-11-10 16:05",17.9,67.7,7,33,1428,0,1013.6,8,19.4,6
"2022-11-10 16:06",18.1,66.6,7,42,1436,0,1013.6,7.9,17.8,6
"2022-11-10 16:07",18.3,65.8,13,67,1440,0,1013.6,7.8,16.9,6
"2022-11-10 16:08",18.5,65.2,6,149,1439,0,1013.6,7.8,17.6,6
"2022-11-10 16:09",18.8,63.9,9,231,1444,0,1013.6,7.9,18.2,6
"2022-11-10 16:10",18.9,63.3,9,221,1445,0,1013.7,7.8,17.1,6
"2022-11-10 16:11",19.1,62.5,5,207,1434,0,1013.7,7.9,19.4,4
"2022-11-10 16:12",19.1,61.7,8,233,1420,0,1013.7,7.9,19.4,4
"2022-11-10 16:13",19.3,61.3,9,278,1409,0,1013.7,8,19.4,4
"2022-11-10 16:14",19.4,60.8,8,219,1392,0,1013.7,7.3,8.3,4
"2022-11-10 16:15",19.5,60.4,7,193,1369,0,1013.8,7.3,8.5,4
"2022-11-10 16:16",19.5,60.2,9,206,1357,0,1013.8,7.3,7.9,4
"2022-11-10 16:17",19.6,60,10,208,1356,0,1013.7,7.2,6.9,4
"2022-11-10 16:18",19.7,59.8,7,225,1361,0,1013.8,7.3,7.5,3
"2022-11-10 16:19",19.7,59.5,10,231,1373,0,1013.9,7.2,6.2,3
"2022-11-10 16:20",19.8,59.3,9,234,1388,0,1013.8,7.2,7.3,3
"2022-11-10 16:21",19.8,59.1,6,209,1407,0,1013.8,8,19.4,3
"2022-11-10 16:22",19.9,59,7,209,1411,0,1013.8,7.3,8.7,3
"2022-11-10 16:23",19.9,58.7,7,205,1408,0,1014,7.1,5.6,3
"2022-11-10 16:24",19.9,58.8,8,205,1406,0,1014,7.2,7.1,3
"2022-11-10 16:25",20,58.5,11,214,1402,0,1014,7.3,8.6,3
"2022-11-10 16:26",20.1,58.4,3,256,1390,0,1014,7.5,12.1,3
"2022-11-10 16:27",20.1,58.3,5,268,1389,0,1014,7.3,9.5,3
"2022-11-10 16:28",20.1,58.2,4,331,1382,0,1014,7.2,6.7,3
"2022-11-10 16:29",20.2,58.1,9,374,1367,0,1014,7.1,6.1,3
"2022-11-10 16:30",20.2,58.6,7,374,1361,0,1014.1,7.7,15.8,3
"2022-11-10 16:31",20.2,58.1,11,373,1368,0,1014,7.1,5.7,3
"2022-11-10 16:32",20.3,57.8,8,380,1358,0,1014,7.3,8.1,3
"2022-11-10 16:33",20.3,57.7,13,385,1351,0,1014.1,7.2,6.8,3
"2022-11-10 16:34",20.4,57.3,13,358,1354,0,1014,7.7,16.5,3
"2022-11-10 16:35",20.4,57.1,8,347,1353,0,1014,7.2,8.2,3
"2022-11-10 16:36",20.4,57.2,10,337,1339,0,1013.9,7.1,5.8,3
"2022-11-10 16:37",20.4,57.3,9,314,1338,0,1013.9,7.2,7.4,3
"2022-11-10 16:38",20.5,57.2,9,318,1334,0,1013.9,7.2,7.3,3
"2022-11-10 16:39",20.5,56.9,8,309,1331,0,1013.8,7.1,6,3
"2022-11-10 16:40",20.5,56.8,10,283,1321,0,1013.9,7.1,6.3,3
"2022-11-10 16:41",20.5,56.9,6,291,1303,0,1013.9,7.2,7.6,3
"2022-11-10 16:42",20.6,56.5,6,264,1298,0,1013.8,7.1,6,3
"2022-11-10 16:43",20.6,56.4,7,260,1290,0,1013.8,7.6,14.2,3
"2022-11-10 16:44",20.6,56.5,9,252,1277,0,1013.8,7.3,9,3
"2022-11-10 16:45",20.6,56.5,9,267,1277,0,1013.9,7.4,11.6,3
"2022-11-10 16:46",20.6,56.5,3,220,1276,0,1013.8,7.9,19.4,3
"2022-11-10 16:47",20.6,56.5,3,227,1265,0,1013.9,7.3,8,3
"2022-11-10 16:48",20.6,56.5,7,205,1259,0,1013.9,7.3,8.3,3
"2022-11-10 16:50",20.6,56.2,13,0,1303,0,1013.9,8,19.4,3
"2022-11-10 16:51",20.6,56.3,7,18,1278,0,1014,8,19.4,3
"2022-11-10 16:52",20.7,56.2,6,15,1274,0,1014,7.6,13.5,3
"2022-11-10 16:53",20.7,56.1,7,16,1267,0,1014.1,7.8,15.4,3
"2022-11-10 16:54",20.7,56.1,10,15,1266,0,1014,8,19.4,3
"2022-11-10 16:55",20.8,55.8,9,12,1254,0,1014.1,7.3,7.5,3
"2022-11-10 16:56",20.8,55.9,3,15,1250,0,1014.1,7.4,9.3,3
"2022-11-10 16:57",20.7,56,6,7,1243,0,1014.1,8,19.4,3
"2022-11-10 16:58",20.7,56.2,7,11,1242,0,1014.2,7.4,10,3
"2022-11-10 16:59",20.6,56.3,7,9,1238,0,1014.2,7.3,6.9,3
"2022-11-10 17:00",20.6,56.4,7,10,1241,0,1014.2,8,19.2,3
"2022-11-10 17:01",20.7,56.1,7,3,1241,0,1014.2,7.3,7.5,3
"2022-11-10 17:02",20.7,56.1,6,3,1243,0,1014.2,7.6,12.2,3
"2022-11-10 17:03",20.6,56.2,8,2,1244,0,1014.2,7.3,8.2,3
"2022-11-10 17:04",20.6,56.2,8,1,1239,0,1014.2,8,18.8,3
"2022-11-10 17:05",20.8,55.8,8,4,1244,0,1014.2,7.3,8.3,3
"2022-11-10 17:06",20.7,56.1,6,2,1248,0,1014.3,7.3,8.1,3
"2022-11-10 17:07",20.7,56.1,6,3,1256,0,1014.3,7.5,10.6,3
"2022-11-10 17:08",20.7,55.8,8,3,1258,0,1014.3,7.3,8.1,3
"2022-11-10 17:09",20.8,55.9,8,2,1267,0,1014.3,7.8,16.6,3
"2022-11-10 17:10",20.8,55.9,7,1,1256,0,1014.4,7.4,9.9,3
"2022-11-10 17:11",20.7,56,6,7,1252,0,1014.4,7.5,11.3,3
"2022-11-10 17:12",20.8,56,6,4,1248,0,1014.4,7.3,8.1,3
"2022-11-10 17:13",20.8,56.2,12,5,1249,0,1014.4,7.7,13.6,3
"2022-11-10 17:14",20.8,55.9,13,1,1245,0,1014.4,7.4,9,3
"2022-11-11 09:19",19.4,53.1,1,0,744,0,1019.7,8,19.4,1
"2022-11-11 09:20",19.5,53.1,1,20,756,0,1019.7,8,19.4,1
"2022-11-11 09:21",19.6,53,1,18,760,0,1019.7,8,19.4,1
"2022-11-11 09:22",19.7,53,4,21,763,0,1019.8,7.9,17.2,1
"2022-11-11 09:23",19.6,53.4,2,25,1460,0,1019.7,8,19.4,3
"2022-11-11 09:24",19.7,52.8,2,24,876,0,1019.7,8,19.4,2
"2022-11-11 09:25",19.6,53,1,25,820,0,1019.8,8,19.4,2
"2022-11-11 09:26",19.7,52.8,1,57,814,0,1019.7,8,19.4,2
"2022-11-11 09:27",19.6,53.1,3,146,813,0,1019.8,8,19.1,2
"2022-11-11 09:28",19.7,53.4,1,187,810,0,1019.8,8,19.1,2
"2022-11-11 09:29",19.6,53.5,1,248,800,0,1019.8,8,19.2,2
"2022-11-11 09:30",19.7,53.3,1,262,812,0,1019.7,8,18.7,2
"2022-11-11 09:31",19.8,53.1,3,262,819,0,1019.8,8,18.7,2
"2022-11-11 09:32",19.8,53.3,1,275,826,0,1019.8,7.9,18.4,2
"2022-11-11 09:33",19.7,53.7,1,247,834,0,1019.8,7.9,18.1,2
"2022-11-11 09:34",19.8,53.6,1,257,844,0,1019.7,7.9,18.1,2
"2022-11-11 09:35",19.8,53.8,6,264,859,0,1019.8,7.9,17.7,2
"2022-11-11 09:36",19.8,53.6,2,258,865,0,1019.8,7.9,18.1,2
"2022-11-11 09:37",19.8,53.8,1,255,872,0,1019.8,7.9,17.4,2
"2022-11-11 09:38",19.8,54.1,2,258,884,0,1019.9,7.9,17.4,2
"2022-11-11 09:39",19.8,53.7,4,231,894,0,1019.9,7.9,18.1,2
"2022-11-11 09:40",19.9,53.7,3,120,887,0,1019.9,8,19.2,2
"2022-11-11 09:41",19.8,54.3,2,76,883,0,1019.9,8,19.4,2
"2022-11-11 09:42",19.8,53.3,6,60,869,0,1019.9,8,19.4,2
"2022-11-11 09:43",19.8,54,1,51,854,0,1019.9,8,18.8,2
"2022-11-11 09:44",19.9,53.7,3,47,843,0,1020,8,19.4,2
"2022-11-11 09:45",20,53.4,1,50,843,0,1020,8,19.4,2
"2022-11-11 09:46",19.8,53.1,2,22,829,0,1020,8,19.4,2
"2022-11-11 09:47",19.9,52.9,2,19,831,0,1020,8,19.4,2
"2022-11-11 09:48",19.9,53.3,22,16,825,0,1019.9,8,19.4,3
"2022-11-11 09:49",20.2,53,1,26,823,0,1020,7.8,15.9,2
"2022-11-11 09:50",20.4,51.8,5,36,821,0,1019.9,7.7,15.3,2
"2022-11-11 09:51",20.7,51.2,1,33,834,0,1019.9,7.7,15.2,2
"2022-11-11 09:52",20.8,51,1,41,843,0,1020,7.7,15.5,2
"2022-11-11 09:53",20.9,50.8,2,32,851,0,1020,7.7,15.8,2
"2022-11-11 09:54",20.9,50.6,3,34,847,0,1020,7.7,16.1,2
"2022-11-11 09:55",21.1,50.7,3,27,848,0,1020,7.7,16.2,2
"2022-11-11 09:56",21.1,50,1,30,852,0,1020,7.7,16.8,2
"2022-11-11 09:57",21.1,50.3,1,21,851,0,1019.9,7.7,16.4,2
"2022-11-11 09:58",21.1,50.1,2,21,858,0,1019.9,7.8,17.1,2
"2022-11-11 09:59",21.1,49.7,1,25,861,0,1019.9,7.7,16.7,2
"2022-11-11 10:00",21.2,49.9,2,22,861,0,1019.9,7.7,17.1,2
"2022-11-11 10:01",21.3,50.2,47,23,859,0,1019.9,7.3,9.7,5
"2022-11-11 10:02",21.3,53,9,7,868,0,1019.9,7.6,12.3,2
"2022-11-11 10:03",21.6,52.3,2,1,876,0,1019.9,7.5,12.5,2
"2022-11-11 10:04",21.3,49.4,3,0,887,0,1020.1,8,19.4,2
"2022-11-11 10:05",20.5,49.1,9,0,826,0,1021,8,19.4,2
"2022-11-11 10:06",19.2,51.9,5,0,756,0,1021,8,19.4,1
"2022-11-11 10:07",18.4,54.5,7,0,675,0,1021,8,19.4,3
"2022-11-11 10:08",17.6,56.8,10,0,595,0,1021,8,19.2,3
"2022-11-11 10:09",17.1,57.4,9,0,515,0,1021,8,19.4,3
"2022-11-11 10:10",16.4,60.2,4,0,505,0,1021,8,19.4,4
"2022-11-11 10:11",16.1,60.8,1,0,506,0,1021.1,7.9,17.9,4
"2022-11-11 10:12",15.6,62.5,31,0,510,0,1021.2,8,19.4,7
"2022-11-11 10:13",15.5,64.2,8,3,512,0,1021.2,7.9,17.7,4
"2022-11-11 10:14",15.8,63.3,1,5,507,0,1021.2,7.9,17,4
"2022-11-11 10:15",16.4,60.6,10,0,507,0,1021.1,7.8,17.1,4
"2022-11-11 10:16",16.8,58.6,2,3,506,0,1021.1,7.8,17,3
"2022-11-11 10:17",16.6,60.9,17,6,501,0,1021.2,7.7,14.2,5
"2022-11-11 10:18",16.5,60.2,77,3,494,0,1021,7.6,13.6,9
"2022-11-11 10:19",15.7,66.1,17,3,498,0,1021.1,7.7,14,5
"2022-11-11 10:20",15.4,64.9,113,1,504,0,1021,7.8,15.3,9
"2022-11-11 10:21",15.5,64.2,59,5,511,0,1021,7.9,16.8,9
"2022-11-11 10:22",15.1,67,120,0,515,0,1021,7.8,15.1,9
"2022-11-11 10:23",15,66,9,0,518,0,1021,7.8,15.7,4
"2022-11-11 10:24",14.6,68.1,4,0,526,0,1020.9,8,18.5,6
"2022-11-11 10:25",14.7,68.8,4,2,519,0,1021,7.8,15.7,6
"2022-11-11 10:26",15.1,67.9,8,4,514,0,1020.9,7.7,13.7,4
"2022-11-11 10:27",15.2,68,3,4,510,0,1021,7.6,11.8,4
"2022-11-11 10:28",15.3,68.2,6,2,509,0,1021,7.6,11.8,4
"2022-11-11 10:29",15.7,65.6,8,0,504,0,1020.9,7.7,13.4,4
"2022-11-11 10:30",15.5,64.2,12,0,505,0,1021,7.9,18.2,4
"2022-11-11 10:31",14.9,66.1,95,0,504,0,1021.1,8,19.4,10
"2022-11-11 10:32",15,68.1,136,2,505,0,1021,7.7,14,9
"2022-11-11 10:33",15.1,65.9,47,1,510,0,1021.1,7.9,17.6,7
"2022-11-11 10:34",15.1,65.5,21,2,512,0,1021,7.8,16.1,5
"2022-11-11 10:35",14.8,66.1,88,0,514,0,1021,7.9,17.6,10
"2022-11-11 10:36",15.1,65.2,9,5,517,0,1021,7.8,16.1,4
"2022-11-11 10:37",15.2,67.2,56,2,520,0,1021,7.7,14.1,9
"2022-11-11 10:38",16.4,60.6,9,0,517,0,1020.9,7.7,15.1,4
"2022-11-11 10:39",17.1,58.2,5,1,515,0,1020.9,7.6,15.8,3
"2022-11-11 10:40",17.4,57.1,1,0,511,0,1020.9,7.6,15.1,3
"2022-11-11 10:41",17.2,58.2,15,0,508,0,1020.9,7.6,14.9,4
"2022-11-11 10:42",17.1,58.1,12,5,505,0,1020.9,7.6,15.8,3
"2022-11-11 10:43",16.6,59.5,12,3,500,0,1020.8,7.6,15.3,3
"2022-11-11 10:44",16.2,60.1,24,19,503,0,1020.8,7.8,17.2,5
"2022-11-11 10:45",15.6,62.5,4,11,504,0,1020.9,7.8,17.9,4
"2022-11-11 10:46",15.3,63.1,10,15,506,0,1020.8,7.9,19,4
"2022-11-11 10:47",15.2,64.1,11,9,508,0,1020.8,7.9,18.4,4
"2022-11-11 10:48",14.8,64.9,3,14,514,0,1020.8,7.9,18.6,6
"2022-11-11 10:49",14.7,65.6,5,77,514,0,1020.8,8,19.4,6
"2022-11-11 10:50",14.9,64.7,68,44,511,0,1020.7,8,19.4,10
"2022-11-11 10:51",15.3,63.5,1,12,507,0,1020.7,8,19.4,4
"2022-11-11 10:52",15.4,62.7,1,5,503,0,1020.7,8,19.4,4
"2022-11-11 10:53",15.6,63.3,1,3,500,0,1020.8,5,0.1,4
"2022-11-11 10:54",15.9,61.3,2,11,494,0,1020.7,4.9,0.7,4
"2022-11-11 10:55",16.1,60.9,1,1,494,0,1020.7,7.6,13.9,4
"2022-11-11 10:56",16.2,60.4,149,0,489,0,1020.6,7.6,13.2,9
"2022-11-11 10:57",15.8,62,2,4,489,0,1020.7,4.8,0.6,4
"2022-11-11 10:58",15.5,62.9,14,3,490,0,1020.8,4.9,0.3,4
"2022-11-11 10:59",15.5,63.1,3,13,490,0,1020.8,7.7,14,4
"2022-11-11 11:00",15.4,63.3,13,12,491,0,1020.8,7.6,12.9,4
"2022-11-11 11:01",15.1,65.1,5,14,505,0,1020.7,4.9,0.9,4
"2022-11-11 11:02",15.2,64,10,9,509,0,1020.7,5,0.5,4
"2022-11-11 11:03",15.3,64.1,5,46,512,0,1020.7,5,0.1,4
"2022-11-11 11:04",15.4,64.5,6,50,521,0,1020.9,5,0.9,4
"2022-11-11 11:05",15.2,64.4,8,19,522,0,1020.8,4.9,0.5,4
"2022-11-11 11:06",15.2,65.8,6,13,516,0,1020.8,5,0.7,4
"2022-11-11 11:07",15.6,63.1,113,10,514,0,1020.9,4.8,0.5,9
"2022-11-11 11:08",15.6,62.6,104,8,508,0,1020.9,4.9,0.7,9
"2022-11-11 11:09",15.9,61.5,1,4,497,0,1020.8,7.8,16.7,4
"2022-11-11 11:10",15.8,61.3,4,0,493,0,1021,7.7,14.3,4
"2022-11-11 11:11",16.1,61.3,12,1,495,0,1021,7.7,14.1,4
"2022-11-11 11:12",16.2,60.1,3,0,490,0,1021,7.6,14.3,4
"2022-11-11 11:13",16,60.2,2,0,487,0,1021,7.8,17.1,4
"2022-11-11 11:14",15.9,61.9,1,0,483,0,1021,7.7,15.3,4
"2022-11-11 11:15",15.9,62.6,1,0,478,0,1021,7.7,14.2,4
"2022-11-11 11:16",15.9,63.4,55,3,469,0,1020.8,7.7,13.8,9
"2022-11-11 11:17",15.7,62.9,28,6,472,0,1020.9,7.7,13.6,7
"2022-11-11 11:18",15.4,63.5,18,14,474,0,1020.9,7.7,14.9,5
"2022-11-11 11:19",15.3,63.4,42,14,478,0,1020.9,7.7,15.1,7
"2022-11-11 11:20",15.4,63.4,3,19,488,0,1020.9,5,0.6,4
"2022-11-11 11:21",15.3,63.9,2,19,492,0,1020.8,7.7,13.8,4
"2022-11-11 11:22",15,65.1,6,18,493,0,1020.8,5,0.4,4
"2022-11-11 11:23",15,66.2,1,28,498,0,1020.8,5,0.6,4
"2022-11-11 11:24",15.1,66.7,4,22,501,0,1020.8,5.1,0.4,4
"2022-11-11 11:25",15,66.5,9,18,502,0,1020.9,7.8,15.2,4
"2022-11-11 11:26",14.9,66,3,16,501,0,1020.9,7.8,15.2,6
"2022-11-11 11:27",14.9,66.8,11,14,500,0,1021,7.9,16.4,6
"2022-11-11 11:28",14.9,66.6,1,15,499,0,1020.9,7.8,15.5,6
"2022-11-11 11:29",15.2,66.1,12,19,500,0,1020.9,7.8,15.5,4
"2022-11-11 11:30",15.5,64.9,2,21,501,0,1020.9,4.9,0.4,4
"2022-11-11 11:31",15.6,66,10,23,502,0,1020.8,7.9,16.7,4
"2022-11-11 11:32",15.8,65.5,7,25,502,0,1020.9,4.8,0.4,4
"2022-11-11 11:33",16,63.9,9,21,504,0,1020.8,4.8,0.4,4
"2022-11-11 11:34",16.1,64.4,7,24,512,0,1020.8,4.7,0.8,4
"2022-11-11 11:35",16,62.8,33,20,510,0,1020.8,4.9,0.3,7
"2022-11-11 11:36",16.2,65.8,4,58,527,0,1019.8,4.5,0.5,4
"2022-11-11 11:37",16.8,64.9,10,207,587,0,1019.6,4.4,0.3,4
"2022-11-11 11:38",17.4,63.9,1,999,668,0,1019.6,4.2,0.1,4
"2022-11-11 11:39",17.8,62.2,6,1089,738,0,1019.6,5,0.1,4
"2022-11-11 11:40",18.2,61,5,979,806,0,1019.7,4.7,0.2,5
"2022-11-11 11:41",18.6,60,5,888,864,0,1019.7,4.7,0.6,5
"2022-11-11 11:42",18.9,58.6,4,776,870,0,1019.7,4.6,0.9,4
"2022-11-11 11:43",19.2,57.6,5,758,846,0,1019.7,4.6,0.7,2
"2022-11-11 11:44",19.5,56.3,6,704,827,0,1019.6,4.6,0.3,2
"2022-11-11 11:46",19.9,54.3,5,0,826,0,1019.6,8,19.4,2
"2022-11-11 11:47",20,54.1,2,18,817,0,1019.6,7.8,16.1,2
"2022-11-11 11:48",20.1,53.5,2,14,809,0,1019.7,7.5,10.9,2
"2022-11-11 11:49",20.2,53.1,7,17,809,0,1019.7,7.2,6,2
"2022-11-11 11:50",20.2,52.8,4,19,808,0,1019.5,7.1,4.7,2
"2022-11-11 11:51",20.3,52.7,8,26,807,0,1019.6,7,3.2,2
"2022-11-11 11:52",20.4,52.3,4,24,807,0,1019.6,6.9,2.3,2
"2022-11-11 11:53",20.5,52.1,4,25,805,0,1019.6,6.9,1.7,2
"2022-11-11 11:54",20.5,51.9,3,23,803,0,1019.5,6.8,1.4,2
"2022-11-11 11:55",20.5,51.8,3,26,803,0,1019.5,6.8,0.8,2
"2022-11-11 11:56",20.6,51.7,5,26,800,0,1019.5,6.8,0.7,2
"2022-11-11 11:57",20.6,51.5,5,25,796,0,1019.6,6.8,0.3,1
"2022-11-11 11:58",20.8,51.2,4,25,801,0,1019.5,6.7,0.1,2
"2022-11-11 11:59",20.8,50.9,7,26,801,0,1019.5,6.7,0.7,2
"2022-11-11 12:00",20.9,51,4,21,800,0,1019.6,6.7,0.6,2
"2022-11-11 12:01",20.9,50.8,3,19,801,0,1019.5,6.6,0.3,2
"2022-11-11 12:02",21,50.6,2,23,809,0,1019.5,6.7,0.9,2
"2022-11-11 12:03",20.9,50.7,2,28,812,0,1019.5,6.6,0.5,2
"2022-11-11 14:44",21.9,48.7,4,0,866,0,1018.7,8,19.4,2
"2022-11-11 15:11",23.2,45,1,0,857,0,1018.9,8,19.4,2
"2022-11-11 15:12",23,45.4,1,0,850,0,1018.9,8,19.4,2
"2022-11-11 15:13",22.6,46.3,1,0,865,0,1018.9,8,19.4,2
"2022-11-11 15:14",22.4,46.9,1,4,862,0,1018.9,8,19.4,2
"2022-11-11 15:15",22.2,47.6,1,0,864,0,1018.9,8,19.4,2
"2022-11-11 15:16",22.2,47.7,3,0,866,0,1018.9,8,19.4,2
"2022-11-11 15:17",22.3,47.8,1,0,875,0,1018.9,8,19.4,2
"2022-11-11 15:18",22.2,48,1,0,880,0,1018.9,8,19.1,2
"2022-11-11 15:19",22.1,48,1,5,893,0,1018.9,8,19.4,2
"2022-11-11 15:20",22,48.3,1,1,893,0,1018.9,8,19.4,2
"2022-11-11 15:21",22,48.3,1,0,897,0,1018.9,8,19.4,2
"2022-11-11 15:22",22,48.6,1,0,899,0,1018.9,8,19.4,2
"2022-11-11 15:23",21.9,48.7,2,0,899,0,1018.9,8,19.1,2
"2022-11-11 15:24",21.9,48.7,1,17,900,0,1018.9,8,19.1,2
"2022-11-11 15:25",21.9,48.7,3,5,910,0,1018.9,7.8,17,2
"2022-11-11 15:26",22.1,49,1,0,950,0,1018.9,7.8,15.3,2
"2022-11-11 15:27",22.2,52,1,0,958,0,1018.9,7.7,12.6,2
"2022-11-11 15:28",22.2,51,5,0,955,0,1018.9,7.6,12,2
"2022-11-11 15:29",22.3,48.8,1,1,957,0,1018.9,7.8,15.9,2
"2022-11-11 15:30",22.2,48.3,1,0,931,0,1019.8,8,19.4,2
"2022-11-11 15:31",21.2,52.2,7,0,810,0,1020,8,19.4,2
"2022-11-11 15:32",20.6,54,3,0,715,0,1020.1,8,19.1,1
"2022-11-11 15:33",19.9,55.9,5,0,626,0,1020.1,8,19.4,1
"2022-11-11 15:34",19,58.8,4,0,529,0,1020.2,8,19.4,1
"2022-11-11 15:35",18.5,60.4,2,30,466,0,1020.1,8,19.4,4
"2022-11-11 15:36",18.4,61.1,1,86,464,0,1020.1,8,19.4,4
"2022-11-11 15:37",18.2,61.7,2,7,465,0,1020,8,19.4,4
"2022-11-11 15:38",17.8,63.2,4,0,465,0,1020.1,8,19.4,4
"2022-11-11 15:39",17.4,64.7,1,0,461,0,1020.1,8,19.4,4
"2022-11-11 15:40",17.5,65,12,31,459,0,1020.1,7.8,16.3,4
"2022-11-11 15:41",17.5,65.4,7,9,457,0,1020.1,7.8,16.9,4
"2022-11-11 15:42",18.1,62,5,0,455,0,1020.1,8,19.4,4
"2022-11-11 15:43",18.1,62.2,3,0,452,0,1020.1,8,19.4,4
"2022-11-11 15:44",17.9,62.6,4,0,457,0,1020.1,8,19.4,4
"2022-11-11 15:45",17.5,64.2,2,2,455,0,1020.1,7.8,15.8,4
"2022-11-11 15:46",16.5,69,5,10,457,0,1020.1,7.7,13.7,4
"2022-11-11 15:47",16,71.1,5,15,463,0,1020.1,7.7,12.5,5
"2022-11-11 15:48",15.9,71.7,7,19,471,0,1020.1,7.7,13.1,5
"2022-11-11 15:49",15.7,71.9,7,16,475,0,1020,7.8,14.7,5
"2022-11-11 15:50",16,70.7,3,16,479,0,1020,7.8,15.5,5
"2022-11-11 15:51",15.7,73,11,13,482,0,1019.9,7.8,14.3,5
"2022-11-11 15:52",15.6,73.3,7,14,478,0,1019.8,7.9,15.5,5
"2022-11-11 15:53",15.8,72,9,8,476,0,1019.8,7.9,15.9,5
"2022-11-11 15:54",16,71.5,11,5,473,0,1019.8,7.8,14.9,5
"2022-11-11 15:55",16.2,71.5,1,10,465,0,1019.8,7.6,11.9,5
"2022-11-11 15:56",16.3,72,4,9,460,0,1019.9,7.6,11,5
"2022-11-11 15:57",16.6,69.9,6,20,456,0,1019.8,7.6,11,4
"2022-11-11 15:58",16.3,69.7,11,5,456,0,1020,7.8,15.1,4
"2022-11-11 15:59",16,70.9,7,2,456,0,1019.9,7.9,15.5,5
"2022-11-11 16:00",15.8,72.2,1,17,462,0,1019.9,7.8,14,5
"2022-11-11 16:01",15.9,71.2,3,14,469,0,1019.9,7.9,15.6,5
"2022-11-11 16:02",15.8,71.7,6,12,474,0,1019.9,7.8,15.4,5
"2022-11-11 16:03",15.7,72.3,6,9,480,0,1019.8,7.9,15.6,5
"2022-11-11 16:04",15.9,71.4,2,14,484,0,1019.9,7.9,15.7,5
"2022-11-11 16:05",16.1,70.4,3,11,490,0,1019.9,7.9,16.1,5
"2022-11-11 16:06",16.1,70.4,7,3,483,0,1019.8,7.9,16.6,5
"2022-11-11 16:07",16,70.7,5,1,477,0,1019.8,7.9,15.9,5
"2022-11-11 16:08",16,70.8,4,8,470,0,1019.8,7.9,16.3,5
"2022-11-11 16:09",15.6,71.9,12,2,469,0,1019.8,8,19.1,5
"2022-11-11 16:10",15.6,72.4,7,5,463,0,1019.8,7.9,17.2,5
"2022-11-11 16:11",15.8,71.4,1,10,463,0,1019.8,7.8,16.5,5
"2022-11-11 16:12",15.6,72.9,12,18,473,0,1019.8,7.9,17.4,5
"2022-11-11 16:13",15.9,71.2,4,11,479,0,1019.7,7.8,15.6,5
"2022-11-11 16:14",15.7,72.7,2,7,484,0,1019.7,7.8,16.5,5
"2022-11-11 16:15",15.7,71.9,4,16,482,0,1019.7,7.8,15.9,5
"2022-11-11 16:16",15.6,72.4,6,14,492,0,1019.7,7.8,16.4,5
"2022-11-11 16:17",15.7,72.3,4,15,489,0,1019.6,7.8,15.6,5
"2022-11-11 16:18",15.7,73,12,30,493,0,1019.5,7.7,14.7,5
"2022-11-11 16:19",15.8,72.1,6,21,493,0,1019.6,7.7,14.4,5
"2022-11-11 16:20",15.7,72.5,5,11,496,0,1019.6,7.7,14.5,5
"2022-11-11 16:21",15.7,71.9,3,12,487,0,1019.6,7.8,16.3,5
"2022-11-11 16:22",15.8,71.3,1,8,485,0,1019.6,7.7,14.9,5
"2022-11-11 16:23",16,73.2,4,8,475,0,1019.6,7.7,13.2,5
"2022-11-11 16:24",16.4,69.5,10,5,468,0,1019.6,7.7,13.9,4
"2022-11-11 16:25",16.8,67.6,5,0,463,0,1019.6,7.6,12.9,4
"2022-11-11 16:26",16.1,70.8,5,0,468,0,1019.7,7.6,13.2,5
"2022-11-11 16:27",15.9,71,1,6,467,0,1019.6,7.8,15.9,5
"2022-11-11 16:28",16,70.8,3,5,469,0,1019.7,7.8,15.9,5
"2022-11-11 16:29",15.8,72,5,7,474,0,1019.8,7.8,15.5,5
"2022-11-11 16:30",15.5,73.7,10,38,481,0,1019.8,7.8,16.1,5
"2022-11-11 16:31",15.6,72.7,4,35,479,0,1019.8,7.8,15.7,5
"2022-11-11 16:32",15.7,71.9,1,26,483,0,1019.9,7.8,16.2,5
"2022-11-11 16:33",15.5,73,15,28,486,0,1019.9,7.8,15.8,6
"2022-11-11 16:34",15.7,72.4,2,51,490,0,1019.8,7.8,15.6,5
"2022-11-11 16:35",15.6,73,14,26,490,0,1019.9,7.8,16.2,5
"2022-11-11 16:36",15.7,72.5,8,23,489,0,1019.8,7.8,16.5,5
"2022-11-11 16:37",15.4,73.5,8,27,485,0,1019.9,7.9,16.8,5
"2022-11-11 16:38",15,74.7,3,23,481,0,1019.9,7.9,17.6,5
"2022-11-11 16:39",15.1,75,1,11,473,0,1019.9,8,19.4,5
"2022-11-11 16:40",15.1,75.1,8,5,469,0,1020,7.8,16.2,5
"2022-11-11 16:41",15.4,73.8,7,3,473,0,1020,7.8,15.4,5
"2022-11-11 16:42",15.6,72.8,5,3,470,0,1020,7.7,15,5
"2022-11-11 16:43",15.6,72.7,3,1,467,0,1020,7.8,15.8,5
"2022-11-11 16:44",15.7,72.5,9,0,465,0,1020,7.7,15.3,5
"2022-11-11 16:45",15.5,72.9,9,0,462,0,1020,7.8,16.3,5
"2022-11-11 16:46",15.2,73.9,1,0,458,0,1019.9,7.9,17.8,5
"2022-11-11 16:47",15.1,75.4,1,2,460,0,1019.8,7.8,16.7,5
"2022-11-11 16:48",14.9,75.7,12,9,469,0,1019.9,8,19.4,7
"2022-11-11 16:49",14.9,75.7,2,17,476,0,1020,7.9,17.8,7
"2022-11-11 16:50",14.9,75.7,5,25,479,0,1019.9,7.8,16.2,7
"2022-11-11 16:51",14.8,76.5,13,15,485,0,1020,7.8,16.5,7
"2022-11-11 16:52",14.6,77.3,3,17,487,0,1019.9,7.8,16.8,7
"2022-11-11 16:53",14.6,77.5,3,19,484,0,1019.9,7.8,16.5,7
"2022-11-11 16:54",14.6,77.6,2,15,480,0,1019.9,7.8,15.7,7
"2022-11-11 16:55",14.7,77.1,9,14,478,0,1020,7.7,15.2,7
"2022-11-11 16:56",14.6,77.9,5,22,476,0,1019.9,7.8,16.6,7
"2022-11-11 16:57",14.6,77.4,9,20,474,0,1020,7.8,16.8,7
"2022-11-11 16:58",14.5,77.6,8,11,475,0,1020.1,7.8,16.9,7
"2022-11-11 16:59",14.5,77.8,8,15,480,0,1020.1,7.8,17,7
"2022-11-11 17:00",14.3,78.3,5,19,485,0,1020,7.8,16.4,7
"2022-11-11 17:01",14.6,77.4,7,18,486,0,1020,7.8,16,7
"2022-11-11 17:02",14.7,77.8,17,16,488,0,1020,7.7,15,8
"2022-11-11 17:03",15,76.9,5,18,491,0,1020.1,7.6,13.1,5
"2022-11-11 17:04",15.3,75.3,2,15,495,0,1020,7.7,13.7,5
"2022-11-11 17:05",15.4,75,10,17,496,0,1020.1,7.6,12.5,5
"2022-11-11 17:06",15.5,73.9,6,15,495,0,1020.1,7.6,13.3,5
"2022-11-11 17:07",15.3,74.5,2,21,493,0,1019.8,7.5,11.9,5
"2022-11-11 17:08",15.9,71.8,1,168,547,0,1019,7.3,8.1,5
"2022-11-11 17:10",16.8,68.1,7,0,1153,0,1019,8,19.4,5
"2022-11-11 17:11",17.2,67.4,5,56,1083,0,1019,8,19.4,5
"2022-11-11 17:12",17.5,66.3,4,249,1062,0,1019.1,8,19.4,5
"2022-11-11 17:13",17.8,65.2,5,340,1046,0,1019.1,7.9,18,5
"2022-11-11 17:14",18.1,64.2,7,373,1031,0,1019.1,7.8,16.7,5
"2022-11-11 17:15",18.4,63.4,6,340,990,0,1019.1,7.9,18.5,5
"2022-11-11 17:16",18.6,62.3,8,236,981,0,1019.1,8,19.4,5
"2022-11-11 17:17",18.7,61.6,6,200,967,0,1019.1,7.5,11.1,5
"2022-11-11 17:18",18.9,60.3,11,177,954,0,1019.1,7.4,10.7,5
"2022-11-11 17:19",19.1,59.4,5,142,943,0,1019.1,7.9,19.4,2
"2022-11-11 17:20",19.2,58.5,6,136,935,0,1019.1,7.6,14.3,2
"2022-11-11 17:21",19.3,58.1,8,127,921,0,1019.1,7.3,9.8,2
"2022-11-11 17:22",19.4,57.5,8,103,910,0,1019.1,7.3,8.7,2
"2022-11-11 17:23",19.5,57.3,7,107,906,0,1019.1,7.9,19.2,2
"2022-11-11 17:24",19.6,57,5,106,906,0,1019,7.3,9.9,2
"2022-11-11 17:25",19.7,56.7,4,102,907,0,1019.1,7.6,15.3,2